author,n,m,C,run_type,Best_LS,Avg_LS,T_LS,i,Best_C,T_C,Best_DIF,T_DIF
cat,15,20,12,RANDOM-SD,9.2,9.2,1.0328,10,7.2,0.6,-27.777777777777768,-72.13333333333334
cat,30,40,17,RANDOM-SD,98.5,98.5,1.9454,10,65.43,71.77,-50.54256457282591,97.2893966838512
cat,40,60,30,RANDOM-SD,143.6,143.6,1.9751,10,84.66,484.14,-69.61965509095205,99.59203949270872
cram,30,40,25,RANDOM-SD,52.6,52.6,1.3938,10,27.7,62.61,-89.89169675090254,97.77383804504073
yan,8,15,10,RANDOM-SD,7.8,7.8,0.9841333333333331,30,6.83,0.04,-14.202049780380666,-2360.333333333333
